First,Last,Gender,FirstLength,LastLength
Destry,Kunze,M,6,5
Juluis,Mayert,M,6,6
Melodie,Breitenberg,M,7,11
Finnegan,Block,M,8,5
Anwar,Carter,M,5,6
Tammi,Ledner,F,5,6
Madalyn,Kassulke,F,7,8
Leah,Dare,F,4,4
Bessie,Hackett,M,6,7
Fielding,Schamberger,M,8,11
Shellie,Bernier,F,7,7
Collins,Rempel,M,7,6
Joni,Boehm,F,4,5
Arno,Schamberger,M,4,11
Tiffanie,Feeney,M,8,6
Jess,Littel,M,4,6
Alphonsus,Bruen,F,9,5
Terence,Bosco,M,7,5
Madilyn,Gottlieb,M,7,8
Hasan,Lebsack,M,5,7
Rosemary,Purdy,M,8,5
Delaney,Hickle,F,7,6
Tamika,Bechtelar,F,6,9
Emily,Weber,F,5,5
Hiroshi,Herzog,F,7,6
Britany,Homenick,M,7,8
Almer,Howe,M,5,4
Damond,Grimes,M,6,6
Camron,Hand,M,6,4
Garret,Hyatt,M,6,5
Hilma,Dare,M,5,4
Sharlene,Kris,F,8,4
Marilou,Dooley,M,7,6
Linnea,Roob,F,6,4
Math,Wehner,F,4,6
Autumn,Batz,F,6,4
Theodore,Howell,M,8,6
Edwin,Ritchie,M,5,7
Aurora,Fay,M,6,3
Jovany,Jaskolski,F,6,9
Isa,Runolfsson,F,3,10
Velvet,Frami,F,6,5
Natalie,Greenholt,F,7,9
Karren,Ledner,F,6,6
Farris,Goyette,M,6,7
Jackson,Koch,,7,4
Geraldine,Mueller,F,9,7
Elizah,Nikolaus,F,6,8
Hanna,Kuhlman,M,5,7
Ahmad,Kohler,F,5,6
Kenan,Aufderhar,F,5,9
Earley,Blanda,F,6,6
Joella,Raynor,M,6,6
Octavius,Towne,M,8,5
Zechariah,McLaughlin,F,9,10
Dottie,Jacobs,M,6,6
Melinda,Reynolds,M,7,8
Bobbi,Skiles,M,5,6
Sidney,Gibson,F,6,6
Saige,Johnston,F,5,8
Ardis,Thompson,M,5,8
Meyer,Kuvalis,M,5,7
Pennie,Stark,F,6,5
Shirley,Shanahan,F,7,8
Odell,Lind,F,5,4
Mame,Weimann,F,4,7
Haywood,Wyman,M,7,5
Annika,Bradtke,M,6,7
Neta,Predovic,M,4,8
Sigurd,Ryan,F,6,4
Isabella,Becker,F,8,6
Myla,Pollich,M,4,7
Alcide,Steuber,F,6,7
Leonore,Hilpert,F,7,7
Verdell,Zulauf,M,7,6
Karissa,Prohaska,M,7,8
Ferrell,Hoppe,F,7,5
Kelan,Effertz,M,5,7
Dot,Ondricka,F,3,8
Case,Wehner,F,4,6
Raymundo,Crooks,F,8,6
Allyssa,Lynch,F,7,5
Milton,Willms,F,6,6
Addisyn,Flatley,M,7,7
Artelia,Pfannerstill,M,7,12
Kesha,Wuckert,M,5,7
Shelly,Mueller,M,6,7
Jairo,Walter,M,5,6
Rollie,Schultz,F,6,7
Jeanette,Dickens,F,8,7
Demetrius,Johns,M,9,5
Joanne,Schoen,M,6,6
Wenzel,Wolff,F,6,5
Micah,Runte,M,5,5
Estel,Glover,F,5,6
Judyth,Wuckert,M,6,7
Gaston,Herzog,M,6,6
Dequan,Swaniawski,F,6,10
Orrin,Ankunding,M,5,9
Dicie,Cartwright,F,5,10
